-- phpMyAdmin SQL Dump
-- version 5.0.4
-- https://www.phpmyadmin.net/
--
-- Host: 127.0.0.1
-- Generation Time: Jul 16, 2021 at 09:10 AM
-- Server version: 10.4.17-MariaDB
-- PHP Version: 7.4.13

SET SQL_MODE = "NO_AUTO_VALUE_ON_ZERO";
START TRANSACTION;
SET time_zone = "+00:00";


/*!40101 SET @OLD_CHARACTER_SET_CLIENT=@@CHARACTER_SET_CLIENT */;
/*!40101 SET @OLD_CHARACTER_SET_RESULTS=@@CHARACTER_SET_RESULTS */;
/*!40101 SET @OLD_COLLATION_CONNECTION=@@COLLATION_CONNECTION */;
/*!40101 SET NAMES utf8mb4 */;

--
-- Database: `ecomm`
--

-- --------------------------------------------------------

--
-- Table structure for table `admin_users`
--

CREATE TABLE `admin_users` (
  `id` int(11) NOT NULL,
  `username` varchar(255) NOT NULL,
  `password` varchar(255) NOT NULL,
  `role` int(11) NOT NULL,
  `email` varchar(50) NOT NULL,
  `mobile` varchar(50) NOT NULL,
  `status` int(11) NOT NULL
) ENGINE=InnoDB DEFAULT CHARSET=latin1;

--
-- Dumping data for table `admin_users`
--

INSERT INTO `admin_users` (`id`, `username`, `password`, `role`, `email`, `mobile`, `status`) VALUES
(1, 'admin', 'admin', 0, '', '', 1),
(2, 'vishal', 'vishal', 1, 'vishal@gmail.com', '1234567890', 1),
(3, 'amit', 'amit', 1, 'amit@gmail.com', '1234567890', 1),
(5, 'vishal1', 'vishal', 1, 'vishal@gmail.com', '1234567890', 1);

-- --------------------------------------------------------

--
-- Table structure for table `banner`
--

CREATE TABLE `banner` (
  `id` int(11) NOT NULL,
  `heading1` varchar(255) NOT NULL,
  `heading2` varchar(255) NOT NULL,
  `btn_txt` varchar(255) DEFAULT NULL,
  `btn_link` varchar(55) DEFAULT NULL,
  `image` varchar(255) NOT NULL,
  `order_no` int(11) NOT NULL,
  `status` int(11) NOT NULL
) ENGINE=InnoDB DEFAULT CHARSET=utf8mb4;

--
-- Dumping data for table `banner`
--

INSERT INTO `banner` (`id`, `heading1`, `heading2`, `btn_txt`, `btn_link`, `image`, `order_no`, `status`) VALUES
(1, 'collection 2018', 'NICE CHAIR', 'Share Now', 'cart.php', '141838360_368356647_online-shopping-e-commerce-banner-concept-vector-25035204.jpg', 2, 0),
(2, 'Collection 2021', 'I m Heading', '', '', '163630926_2.png', 1, 1);

-- --------------------------------------------------------

--
-- Table structure for table `categories`
--

CREATE TABLE `categories` (
  `id` int(11) NOT NULL,
  `categories` varchar(255) NOT NULL,
  `status` tinyint(4) NOT NULL
) ENGINE=InnoDB DEFAULT CHARSET=latin1;

--
-- Dumping data for table `categories`
--

INSERT INTO `categories` (`id`, `categories`, `status`) VALUES
(1, 'Mobile', 1),
(2, 'Man', 1),
(4, 'Woman', 1);

-- --------------------------------------------------------

--
-- Table structure for table `color_master`
--

CREATE TABLE `color_master` (
  `id` int(11) NOT NULL,
  `color` varchar(255) NOT NULL,
  `status` tinyint(4) NOT NULL
) ENGINE=InnoDB DEFAULT CHARSET=latin1;

--
-- Dumping data for table `color_master`
--

INSERT INTO `color_master` (`id`, `color`, `status`) VALUES
(1, 'Red', 1),
(3, 'Black', 1),
(4, 'Pink', 1),
(5, 'Green', 1);

-- --------------------------------------------------------

--
-- Table structure for table `contact_us`
--

CREATE TABLE `contact_us` (
  `id` int(11) NOT NULL,
  `name` varchar(255) NOT NULL,
  `email` varchar(75) NOT NULL,
  `mobile` varchar(15) NOT NULL,
  `comment` text NOT NULL,
  `added_on` datetime NOT NULL
) ENGINE=InnoDB DEFAULT CHARSET=latin1;

--
-- Dumping data for table `contact_us`
--

INSERT INTO `contact_us` (`id`, `name`, `email`, `mobile`, `comment`, `added_on`) VALUES
(1, 'Vishal', 'vishal@gmail.com', '1234567890', 'Test Query', '2020-01-14 00:00:00'),
(2, 'vishal@gmail.com', '', '1234567890', 'testing', '2020-01-19 07:59:38'),
(3, 'Vishal', 'vishal@gmail.com', '1234567890', 'testing', '2020-01-19 08:00:09'),
(4, 'test', 'test@gmail.com', '9990413778', 'test', '2020-05-01 09:21:37');

-- --------------------------------------------------------

--
-- Table structure for table `coupon_master`
--

CREATE TABLE `coupon_master` (
  `id` int(11) NOT NULL,
  `coupon_code` varchar(50) NOT NULL,
  `coupon_value` int(11) NOT NULL,
  `coupon_type` varchar(10) NOT NULL,
  `cart_min_value` int(11) NOT NULL,
  `status` int(11) NOT NULL
) ENGINE=InnoDB DEFAULT CHARSET=latin1;

--
-- Dumping data for table `coupon_master`
--

INSERT INTO `coupon_master` (`id`, `coupon_code`, `coupon_value`, `coupon_type`, `cart_min_value`, `status`) VALUES
(1, 'First50', 1000, 'Rupee', 1500, 1),
(2, 'First60', 20, 'Percentage', 1000, 1);

-- --------------------------------------------------------

--
-- Table structure for table `order`
--

CREATE TABLE `order` (
  `id` int(11) NOT NULL,
  `user_id` int(11) NOT NULL,
  `address` varchar(250) NOT NULL,
  `city` varchar(50) NOT NULL,
  `pincode` int(11) NOT NULL,
  `payment_type` varchar(20) NOT NULL,
  `total_price` float NOT NULL,
  `payment_status` varchar(20) NOT NULL,
  `order_status` int(11) NOT NULL,
  `length` float NOT NULL,
  `breadth` float NOT NULL,
  `height` float NOT NULL,
  `weight` float NOT NULL,
  `txnid` varchar(200) NOT NULL,
  `mihpayid` varchar(200) NOT NULL,
  `ship_order_id` int(11) NOT NULL,
  `ship_shipment_id` int(11) NOT NULL,
  `payu_status` varchar(10) NOT NULL,
  `coupon_id` int(11) NOT NULL,
  `coupon_value` varchar(50) NOT NULL,
  `coupon_code` varchar(50) NOT NULL,
  `added_on` datetime NOT NULL
) ENGINE=InnoDB DEFAULT CHARSET=latin1;

--
-- Dumping data for table `order`
--

INSERT INTO `order` (`id`, `user_id`, `address`, `city`, `pincode`, `payment_type`, `total_price`, `payment_status`, `order_status`, `length`, `breadth`, `height`, `weight`, `txnid`, `mihpayid`, `ship_order_id`, `ship_shipment_id`, `payu_status`, `coupon_id`, `coupon_value`, `coupon_code`, `added_on`) VALUES
(1, 0, '', '', 0, 'payu', 0, 'Success', 5, 0, 0, 0, 0, '', '', 0, 0, '', 0, '', '', '0000-00-00 00:00:00');

-- --------------------------------------------------------

--
-- Table structure for table `order_detail`
--

CREATE TABLE `order_detail` (
  `id` int(11) NOT NULL,
  `order_id` int(11) NOT NULL,
  `product_id` int(11) NOT NULL,
  `product_attr_id` int(11) NOT NULL,
  `qty` int(11) NOT NULL,
  `price` float NOT NULL
) ENGINE=InnoDB DEFAULT CHARSET=latin1;

--
-- Dumping data for table `order_detail`
--

INSERT INTO `order_detail` (`id`, `order_id`, `product_id`, `product_attr_id`, `qty`, `price`) VALUES
(1, 1, 7, 5, 10, 333);

-- --------------------------------------------------------

--
-- Table structure for table `order_status`
--

CREATE TABLE `order_status` (
  `id` int(11) NOT NULL,
  `name` varchar(32) NOT NULL
) ENGINE=MyISAM DEFAULT CHARSET=utf8;

--
-- Dumping data for table `order_status`
--

INSERT INTO `order_status` (`id`, `name`) VALUES
(1, 'Pending'),
(2, 'Processing'),
(3, 'Shipped'),
(4, 'Canceled'),
(5, 'Complete');

-- --------------------------------------------------------

--
-- Table structure for table `product`
--

CREATE TABLE `product` (
  `id` int(11) NOT NULL,
  `categories_id` int(11) NOT NULL,
  `sub_categories_id` int(11) NOT NULL,
  `name` varchar(255) NOT NULL,
  `mrp` float NOT NULL,
  `price` float NOT NULL,
  `qty` int(11) NOT NULL,
  `image` varchar(255) NOT NULL,
  `short_desc` varchar(2000) NOT NULL,
  `description` text NOT NULL,
  `best_seller` int(11) NOT NULL,
  `meta_title` varchar(2000) NOT NULL,
  `meta_desc` varchar(2000) NOT NULL,
  `meta_keyword` varchar(2000) NOT NULL,
  `added_by` int(11) NOT NULL,
  `status` tinyint(4) NOT NULL
) ENGINE=InnoDB DEFAULT CHARSET=latin1;

--
-- Dumping data for table `product`
--

INSERT INTO `product` (`id`, `categories_id`, `sub_categories_id`, `name`, `mrp`, `price`, `qty`, `image`, `short_desc`, `description`, `best_seller`, `meta_title`, `meta_desc`, `meta_keyword`, `added_by`, `status`) VALUES
(1, 1, 0, 'Realme C3 (Frozen Blue, 64 GB) (4 GB RAM)', 9999, 8999, 10, '799153645_303b4a46-a701-4b43-b9c1-d98a2b53422f.jpg', 'Mauris dapibus tellus quis risus maximus molestie. Curabitur eget tortor tellus.', 'Lorem ipsum dolor sit amet, consectetur adipiscing elit. Vivamus scelerisque quis nisi porta congue. Aenean sed maximus ligula. Vestibulum quis eros id ex condimentum lacinia. Nam interdum finibus odio, sit amet commodo erat varius sed. In at velit velit. Nullam vitae gravida mi. Donec aliquet nunc non ipsum bibendum, et elementum nibh lobortis. Fusce tempor elit at mauris luctus euismod. Donec eu massa eros. Aenean maximus vitae nisl ut sollicitudin. Aenean urna arcu, laoreet at ante eget, maximus mattis lacus. Mauris dapibus tellus quis risus maximus molestie. Curabitur eget tortor tellus.', 1, 'Realme C3 (Frozen Blue, 64 GB) (4 GB RAM)', '', 'Realme C3 (Frozen Blue, 64 GB) (4 GB RAM)', 0, 1),
(2, 1, 0, 'APPLE IPHONE 11 PRO MAX (512GB) - MIDNIGHT GREEN', 165800, 155800, 4, '942626953_iphone.jpg', 'Aenean tempus ut leo nec laoreet. Vestibulum ut est neque.', 'Curabitur eget augue dolor. Curabitur id dapibus massa. Vestibulum at enim quis metus ultrices posuere vitae sit amet eros. Morbi et libero pellentesque, efficitur odio nec, congue lorem. Vestibulum faucibus, risus eget pretium efficitur, neque nulla eleifend purus, non venenatis lorem ligula vel nulla. Fusce finibus efficitur sapien vitae laoreet. Integer imperdiet justo sed tellus dictum, at egestas arcu finibus. Fusce et augue elit. Praesent tincidunt purus in purus dictum volutpat. Aenean tempus ut leo nec laoreet. Vestibulum ut est neque.', 0, 'APPLE IPHONE 11 PRO MAX (512GB) - MIDNIGHT GREEN', '', 'APPLE IPHONE 11 PRO MAX (512GB) - MIDNIGHT GREEN', 0, 1),
(3, 1, 0, 'Samsung Galaxy S10 Plus 1TB (Ceramic White, 12GB RAM)', 115900, 115900, 5, '567328558_samsung-galaxy-s10-plus-1tb-ceramic-white-12gb-ram-.jpg', 'Nullam purus lorem, tincidunt vitae tristique non, imperdiet ut urna.', 'Nullam a nunc et lorem ornare faucibus. Etiam tortor lacus, auctor eget enim at, tincidunt dignissim magna. Interdum et malesuada fames ac ante ipsum primis in faucibus. Proin tincidunt eros eget felis tempor, id volutpat ipsum lacinia. Donec scelerisque risus non purus scelerisque tristique. Mauris enim ligula, condimentum sed iaculis nec, porttitor eu nunc. Sed hendrerit vel arcu vitae iaculis. Phasellus vehicula molestie leo. Nullam purus lorem, tincidunt vitae tristique non, imperdiet ut urna.', 0, 'Samsung Galaxy S10 Plus 1TB (Ceramic White, 12GB RAM)', 'Samsung Galaxy S10 Plus 1TB (Ceramic White, 12GB RAM)', 'Samsung Galaxy S10 Plus 1TB (Ceramic White, 12GB RAM)', 0, 1),
(4, 2, 2, 'SHEEN-SOLID TROUSER-OLIVE', 1999, 1200, 3, '697347005_2__1538219531_49.204.69.38_600x.jpg', 'per inceptos himenaeos. Ut commodo ullamcorper quam non pulvinar.', 'Duis a felis congue, feugiat est non, suscipit quam. In elit lacus, auctor sed lacus eget, egestas consectetur leo. Duis pellentesque pharetra ante, ac ornare nibh faucibus id. Integer pulvinar malesuada nisl. Nulla vel orci nunc. Nullam a tellus eu ex ullamcorper mollis. Donec commodo ligula a accumsan fermentum. Mauris sed orci lacinia, posuere leo molestie, pretium mi. Cras sodales, neque id cursus fermentum, mi purus vehicula sem, vel laoreet lorem justo id tortor. Sed ut urna ut ipsum vestibulum commodo. Class aptent taciti sociosqu ad litora torquent per conubia nostra, per inceptos himenaeos. Ut commodo ullamcorper quam non pulvinar.', 0, 'SHEEN-SOLID TROUSER-OLIVE', 'SHEEN-SOLID TROUSER-OLIVE', 'SHEEN-SOLID TROUSER-OLIVE', 0, 1),
(5, 2, 1, 'NATURE-LINEN SHIRT-GREEN', 2799, 2399, 8, '812581380_nature_green-0224_600x.jpg', 'a nisl pharetra orci, at condimentum nisl lorem elementum ipsum.', 'Nunc auctor turpis ante, eget bibendum mi mollis in. Aliquam quis neque ut libero malesuada auctor. Aliquam interdum enim at commodo gravida. Donec nisl sem, molestie ut quam quis, vulputate venenatis ipsum. Aenean quis ex ut magna accumsan fringilla. Quisque id ex massa. Sed libero ante, fringilla ac condimentum in, porttitor ac risus. Integer mattis odio nec nunc semper imperdiet. In porttitor tellus eget sapien vulputate, eu euismod lacus aliquet. Maecenas molestie elit augue, sit amet fringilla dolor congue et. Nunc eu libero auctor, sollicitudin lectus quis, porta ligula. In vel ullamcorper risus. Nullam viverra, mi sit amet laoreet luctus, urna nisl pharetra orci, at condimentum nisl lorem elementum ipsum.', 0, 'NATURE-LINEN SHIRT-GREEN', 'NATURE-LINEN SHIRT-GREEN', 'T-Shirt, NATURE-LINEN SHIRT-GREEN', 0, 1),
(6, 2, 1, 'Monte Carlo Turquoise Blue Solid Collar T Shirt', 1999, 1500, 10, '931830512__8-(1)-E5x-104831-NJD.jpg', 'lacus quis urna tristique suscipit. Praesent vitae mi mollis dui facilisis convallis eu faucibus augue.', 'Duis in risus quis lectus dictum fringilla. Aenean tempor pellentesque velit id ullamcorper. Ut id aliquam odio. Morbi id pharetra libero, ut tempor nisi. Maecenas a lectus nec risus maximus rutrum. Mauris vel elit ut magna semper laoreet nec sed magna. Quisque eleifend vel sem non malesuada. Interdum et malesuada fames ac ante ipsum primis in faucibus. Orci varius natoque penatibus et magnis dis parturient montes, nascetur ridiculus mus. Vestibulum eget posuere orci, eu ultrices sapien. Orci varius natoque penatibus et magnis dis parturient montes, nascetur ridiculus mus. Aliquam sit amet ex dictum nisl bibendum elementum non in turpis. In bibendum ipsum nunc, bibendum lacinia lacus maximus eu. Interdum et malesuada fames ac ante ipsum primis in faucibus. Vivamus aliquam lacus quis urna tristique suscipit. Praesent vitae mi mollis dui facilisis convallis eu faucibus augue.', 0, 'Monte Carlo Turquoise Blue Solid Collar T Shirt', 'Monte Carlo Turquoise Blue Solid Collar T Shirt', 'Monte Carlo Turquoise Blue Solid Collar T Shirt', 0, 1),
(7, 4, 3, 'Floral Print Polo T-shirt', 1900, 1350, 7, '309027777_Floral-Print-Polo-T-shirt.jpg', 'isl pharetra orci, at condimentum nisl lorem elementum ipsum.', 'Nunc auctor turpis ante, eget bibendum mi mollis in. Aliquam quis neque ut libero malesuada auctor. Aliquam interdum enim at commodo gravida. Donec nisl sem, molestie ut quam quis, vulputate venenatis ipsum. Aenean quis ex ut magna accumsan fringilla. Quisque id ex massa. Sed libero ante, fringilla ac condimentum in, porttitor ac risus. Integer mattis odio nec nunc semper imperdiet. In porttitor tellus eget sapien vulputate, eu euismod lacus aliquet. Maecenas molestie elit augue, sit amet fringilla dolor congue et. Nunc eu libero auctor, sollicitudin lectus quis, porta ligula. In vel ullamcorper risus. Nullam viverra, mi sit amet laoreet luctus, urna nisl pharetra orci, at condimentum nisl lorem elementum ipsum.', 0, 'Floral Print Polo T-shirt', 'Floral Print Polo T-shirt', 'Floral Print Polo T-shirt', 0, 1),
(8, 4, 3, 'Floral Embroidered Polo T-shirt', 1900, 1120, 10, '651584201_Floral-Embroidered-Polo-T-shirt.jpg', 'rius, lacus velit aliquam ex, in dignissim sem eros ac erat. Vestibulum ac arcu tortor.', 'Vestibulum in auctor turpis. Quisque hendrerit eget turpis et molestie. Phasellus nec nibh a lacus rhoncus eleifend. Donec suscipit id diam non mattis. Fusce eu luctus leo. Etiam eget dui libero. Etiam eros lorem, rhoncus et convallis eget, tempus vel tellus. Nam at diam quis nisl tincidunt aliquam. Quisque placerat magna non libero interdum varius vel id risus. Vivamus mollis maximus fermentum. Donec eget nulla dui. Sed ultricies malesuada metus, non feugiat purus fringilla ac. Interdum et malesuada fames ac ante ipsum primis in faucibus. Integer accumsan, tortor id eleifend varius, lacus velit aliquam ex, in dignissim sem eros ac erat. Vestibulum ac arcu tortor.', 1, 'Floral Embroidered Polo T-shirt', '', 'Floral Embroidered Polo T-shirt', 0, 1),
(9, 4, 0, 'Floral Print Polo T-shirt Latest', 1560, 650, 10, '526258680_Floral-Print-Polo-T-shirt1.jpg', 's mus. Vestibulum eget posuere orci, eu ultrices sapien. Orc', 'aximus rutrum. Mauris vel elit ut magna semper laoreet nec sed magna. Quisque eleifend vel sem non malesuada. Interdum et malesuada fames ac ante ipsum primis in faucibus. Orci varius natoque penatibus et magnis dis parturient montes, nascetur ridiculus mus. Vestibulum eget posuere orci, eu ultrices sapien. Orci varius natoque penatibus et magnis dis parturient montes, nascetur ridiculus mus. Aliquam sit amet ex d', 1, 'Floral Print Polo T-shirt Latest', '', 'Floral Print Polo T-shirt Latest', 0, 1),
(10, 4, 3, 'test', 100, 10, 1, '977077907_651584201_Floral-Embroidered-Polo-T-shirt.jpg', 'test', 'test', 0, '', '', '', 0, 1);

-- --------------------------------------------------------

--
-- Table structure for table `product_attributes`
--

CREATE TABLE `product_attributes` (
  `id` int(11) NOT NULL,
  `product_id` int(11) NOT NULL,
  `size_id` int(11) NOT NULL,
  `color_id` int(11) NOT NULL,
  `mrp` int(11) NOT NULL,
  `price` int(11) NOT NULL,
  `qty` int(11) NOT NULL
) ENGINE=InnoDB DEFAULT CHARSET=utf8mb4;

--
-- Dumping data for table `product_attributes`
--

INSERT INTO `product_attributes` (`id`, `product_id`, `size_id`, `color_id`, `mrp`, `price`, `qty`) VALUES
(1, 8, 5, 3, 1900, 1120, 10),
(2, 8, 4, 5, 1900, 1120, 8),
(3, 8, 2, 3, 1900, 1120, 9),
(4, 8, 4, 3, 1800, 1050, 4),
(5, 7, 0, 3, 1900, 1350, 10),
(6, 7, 0, 5, 1900, 1350, 8),
(7, 7, 0, 4, 1900, 1350, 6),
(8, 6, 5, 0, 1999, 1500, 10),
(9, 6, 4, 0, 1989, 1490, 9),
(10, 5, 0, 0, 2799, 2399, 10);

-- --------------------------------------------------------

--
-- Table structure for table `product_images`
--

CREATE TABLE `product_images` (
  `id` int(11) NOT NULL,
  `product_id` int(11) NOT NULL,
  `product_images` varchar(250) NOT NULL
) ENGINE=InnoDB DEFAULT CHARSET=utf8mb4;

--
-- Dumping data for table `product_images`
--

INSERT INTO `product_images` (`id`, `product_id`, `product_images`) VALUES
(1, 8, '479197953_526258680_Floral-Print-Polo-T-shirt1.jpg'),
(2, 8, '301120849_309027777_Floral-Print-Polo-T-shirt.jpg');

-- --------------------------------------------------------

--
-- Table structure for table `product_review`
--

CREATE TABLE `product_review` (
  `id` int(11) NOT NULL,
  `product_id` int(11) NOT NULL,
  `user_id` int(11) NOT NULL,
  `rating` varchar(20) NOT NULL,
  `review` text NOT NULL,
  `status` int(11) NOT NULL,
  `added_on` datetime NOT NULL
) ENGINE=InnoDB DEFAULT CHARSET=utf8mb4;

--
-- Dumping data for table `product_review`
--

INSERT INTO `product_review` (`id`, `product_id`, `user_id`, `rating`, `review`, `status`, `added_on`) VALUES
(2, 9, 1, 'Good', 'asAS', 0, '2021-05-05 08:31:39');

-- --------------------------------------------------------

--
-- Table structure for table `shiprocket_token`
--

CREATE TABLE `shiprocket_token` (
  `id` int(11) NOT NULL,
  `token` varchar(500) NOT NULL,
  `added_on` timestamp NOT NULL DEFAULT current_timestamp() ON UPDATE current_timestamp()
) ENGINE=InnoDB DEFAULT CHARSET=latin1;

--
-- Dumping data for table `shiprocket_token`
--

INSERT INTO `shiprocket_token` (`id`, `token`, `added_on`) VALUES
(1, '', '2019-04-09 00:28:23');

-- --------------------------------------------------------

--
-- Table structure for table `size_master`
--

CREATE TABLE `size_master` (
  `id` int(11) NOT NULL,
  `size` varchar(255) NOT NULL,
  `status` tinyint(4) NOT NULL,
  `order_by` int(11) NOT NULL
) ENGINE=InnoDB DEFAULT CHARSET=latin1;

--
-- Dumping data for table `size_master`
--

INSERT INTO `size_master` (`id`, `size`, `status`, `order_by`) VALUES
(1, 'X', 1, 3),
(2, 'XL', 1, 4),
(4, 'M', 1, 2),
(5, 'S', 1, 1),
(6, 'XXL', 1, 5);

-- --------------------------------------------------------

--
-- Table structure for table `sub_categories`
--

CREATE TABLE `sub_categories` (
  `id` int(11) NOT NULL,
  `categories_id` int(11) NOT NULL,
  `sub_categories` varchar(100) NOT NULL,
  `status` int(11) NOT NULL
) ENGINE=InnoDB DEFAULT CHARSET=latin1;

--
-- Dumping data for table `sub_categories`
--

INSERT INTO `sub_categories` (`id`, `categories_id`, `sub_categories`, `status`) VALUES
(1, 2, 'T-Shirt', 1),
(2, 2, 'Trouser', 1),
(3, 4, 'Shirt', 1);

-- --------------------------------------------------------

--
-- Table structure for table `users`
--

CREATE TABLE `users` (
  `id` int(11) NOT NULL,
  `name` varchar(255) NOT NULL,
  `password` varchar(50) NOT NULL,
  `email` varchar(50) NOT NULL,
  `mobile` varchar(15) NOT NULL,
  `added_on` datetime NOT NULL
) ENGINE=InnoDB DEFAULT CHARSET=latin1;

--
-- Dumping data for table `users`
--

INSERT INTO `users` (`id`, `name`, `password`, `email`, `mobile`, `added_on`) VALUES
(1, 'Vishal Gupta', 'vishal', 'ytlearnwebdevelopment@gmail.com', '1234567890', '2020-05-13 00:00:00'),
(2, 'Amit', 'amit', 'amir@gmail.com', '1234567890', '2020-05-14 00:00:00'),
(3, 'Vishal', '123', 'aa@gmail.com', '9540608104', '2021-04-15 03:32:06');

-- --------------------------------------------------------

--
-- Table structure for table `wishlist`
--

CREATE TABLE `wishlist` (
  `id` int(11) NOT NULL,
  `user_id` int(11) NOT NULL,
  `product_id` int(11) NOT NULL,
  `added_on` datetime NOT NULL
) ENGINE=InnoDB DEFAULT CHARSET=latin1;

--
-- Dumping data for table `wishlist`
--

INSERT INTO `wishlist` (`id`, `user_id`, `product_id`, `added_on`) VALUES
(1, 1, 12, '2021-04-08 01:53:31');

--
-- Indexes for dumped tables
--

--
-- Indexes for table `admin_users`
--
ALTER TABLE `admin_users`
  ADD PRIMARY KEY (`id`);

--
-- Indexes for table `banner`
--
ALTER TABLE `banner`
  ADD PRIMARY KEY (`id`);

--
-- Indexes for table `categories`
--
ALTER TABLE `categories`
  ADD PRIMARY KEY (`id`);

--
-- Indexes for table `color_master`
--
ALTER TABLE `color_master`
  ADD PRIMARY KEY (`id`);

--
-- Indexes for table `contact_us`
--
ALTER TABLE `contact_us`
  ADD PRIMARY KEY (`id`);

--
-- Indexes for table `coupon_master`
--
ALTER TABLE `coupon_master`
  ADD PRIMARY KEY (`id`);

--
-- Indexes for table `order`
--
ALTER TABLE `order`
  ADD PRIMARY KEY (`id`);

--
-- Indexes for table `order_detail`
--
ALTER TABLE `order_detail`
  ADD PRIMARY KEY (`id`);

--
-- Indexes for table `order_status`
--
ALTER TABLE `order_status`
  ADD PRIMARY KEY (`id`);

--
-- Indexes for table `product`
--
ALTER TABLE `product`
  ADD PRIMARY KEY (`id`);

--
-- Indexes for table `product_attributes`
--
ALTER TABLE `product_attributes`
  ADD PRIMARY KEY (`id`);

--
-- Indexes for table `product_images`
--
ALTER TABLE `product_images`
  ADD PRIMARY KEY (`id`);

--
-- Indexes for table `product_review`
--
ALTER TABLE `product_review`
  ADD PRIMARY KEY (`id`);

--
-- Indexes for table `shiprocket_token`
--
ALTER TABLE `shiprocket_token`
  ADD PRIMARY KEY (`id`);

--
-- Indexes for table `size_master`
--
ALTER TABLE `size_master`
  ADD PRIMARY KEY (`id`);

--
-- Indexes for table `sub_categories`
--
ALTER TABLE `sub_categories`
  ADD PRIMARY KEY (`id`);

--
-- Indexes for table `users`
--
ALTER TABLE `users`
  ADD PRIMARY KEY (`id`);

--
-- Indexes for table `wishlist`
--
ALTER TABLE `wishlist`
  ADD PRIMARY KEY (`id`);

--
-- AUTO_INCREMENT for dumped tables
--

--
-- AUTO_INCREMENT for table `admin_users`
--
ALTER TABLE `admin_users`
  MODIFY `id` int(11) NOT NULL AUTO_INCREMENT, AUTO_INCREMENT=6;

--
-- AUTO_INCREMENT for table `banner`
--
ALTER TABLE `banner`
  MODIFY `id` int(11) NOT NULL AUTO_INCREMENT, AUTO_INCREMENT=3;

--
-- AUTO_INCREMENT for table `categories`
--
ALTER TABLE `categories`
  MODIFY `id` int(11) NOT NULL AUTO_INCREMENT, AUTO_INCREMENT=5;

--
-- AUTO_INCREMENT for table `color_master`
--
ALTER TABLE `color_master`
  MODIFY `id` int(11) NOT NULL AUTO_INCREMENT, AUTO_INCREMENT=6;

--
-- AUTO_INCREMENT for table `contact_us`
--
ALTER TABLE `contact_us`
  MODIFY `id` int(11) NOT NULL AUTO_INCREMENT, AUTO_INCREMENT=5;

--
-- AUTO_INCREMENT for table `coupon_master`
--
ALTER TABLE `coupon_master`
  MODIFY `id` int(11) NOT NULL AUTO_INCREMENT, AUTO_INCREMENT=3;

--
-- AUTO_INCREMENT for table `order`
--
ALTER TABLE `order`
  MODIFY `id` int(11) NOT NULL AUTO_INCREMENT, AUTO_INCREMENT=2;

--
-- AUTO_INCREMENT for table `order_detail`
--
ALTER TABLE `order_detail`
  MODIFY `id` int(11) NOT NULL AUTO_INCREMENT, AUTO_INCREMENT=2;

--
-- AUTO_INCREMENT for table `order_status`
--
ALTER TABLE `order_status`
  MODIFY `id` int(11) NOT NULL AUTO_INCREMENT, AUTO_INCREMENT=10;

--
-- AUTO_INCREMENT for table `product`
--
ALTER TABLE `product`
  MODIFY `id` int(11) NOT NULL AUTO_INCREMENT, AUTO_INCREMENT=18;

--
-- AUTO_INCREMENT for table `product_attributes`
--
ALTER TABLE `product_attributes`
  MODIFY `id` int(11) NOT NULL AUTO_INCREMENT, AUTO_INCREMENT=11;

--
-- AUTO_INCREMENT for table `product_images`
--
ALTER TABLE `product_images`
  MODIFY `id` int(11) NOT NULL AUTO_INCREMENT, AUTO_INCREMENT=4;

--
-- AUTO_INCREMENT for table `product_review`
--
ALTER TABLE `product_review`
  MODIFY `id` int(11) NOT NULL AUTO_INCREMENT, AUTO_INCREMENT=8;

--
-- AUTO_INCREMENT for table `shiprocket_token`
--
ALTER TABLE `shiprocket_token`
  MODIFY `id` int(11) NOT NULL AUTO_INCREMENT, AUTO_INCREMENT=2;

--
-- AUTO_INCREMENT for table `size_master`
--
ALTER TABLE `size_master`
  MODIFY `id` int(11) NOT NULL AUTO_INCREMENT, AUTO_INCREMENT=7;

--
-- AUTO_INCREMENT for table `sub_categories`
--
ALTER TABLE `sub_categories`
  MODIFY `id` int(11) NOT NULL AUTO_INCREMENT, AUTO_INCREMENT=4;

--
-- AUTO_INCREMENT for table `users`
--
ALTER TABLE `users`
  MODIFY `id` int(11) NOT NULL AUTO_INCREMENT, AUTO_INCREMENT=4;

--
-- AUTO_INCREMENT for table `wishlist`
--
ALTER TABLE `wishlist`
  MODIFY `id` int(11) NOT NULL AUTO_INCREMENT, AUTO_INCREMENT=2;
COMMIT;

/*!40101 SET CHARACTER_SET_CLIENT=@OLD_CHARACTER_SET_CLIENT */;
/*!40101 SET CHARACTER_SET_RESULTS=@OLD_CHARACTER_SET_RESULTS */;
/*!40101 SET COLLATION_CONNECTION=@OLD_COLLATION_CONNECTION */;
